symbol,date,open,high,low,close,volume,adjfactor
513500,2024-02-19,1.739,1.741,1.719,1.737,970140,1.0
513500,2024-02-20,1.738,1.739,1.727,1.731,733833,1.0
513500,2024-02-21,1.72,1.723,1.712,1.717,1890579,1.0
513500,2024-02-22,1.729,1.742,1.728,1.741,936389,1.0
513500,2024-02-23,1.762,1.775,1.762,1.766,1187910,1.0
513500,2024-02-26,1.764,1.764,1.752,1.755,1003777,1.0
513500,2024-02-27,1.751,1.764,1.747,1.761,1475569,1.0
513500,2024-02-28,1.762,1.786,1.759,1.783,1679058,1.0
513500,2024-02-29,1.777,1.778,1.765,1.772,2247553,1.0
513500,2024-03-01,1.782,1.789,1.78,1.781,1586048,1.0
513500,2024-03-04,1.789,1.796,1.789,1.794,1256753,1.0
513500,2024-03-05,1.784,1.792,1.781,1.789,1200737,1.0
513500,2024-03-06,1.776,1.784,1.772,1.781,1700494,1.0
513500,2024-03-07,1.784,1.788,1.772,1.776,1545118,1.0
513500,2024-03-08,1.791,1.801,1.791,1.8,1533657,1.0
513500,2024-03-11,1.79,1.794,1.78,1.794,1488654,1.0
513500,2024-03-12,1.794,1.799,1.785,1.788,1399737,1.0
513500,2024-03-13,1.8,1.8,1.78,1.783,1416734,1.0
513500,2024-03-14,1.784,1.784,1.778,1.784,751823,1.0
513500,2024-03-15,1.778,1.782,1.774,1.775,1072428,1.0
513500,2024-03-18,1.773,1.782,1.764,1.781,1535795,1.0
513500,2024-03-19,1.775,1.78,1.772,1.774,1177598,1.0
513500,2024-03-20,1.783,1.792,1.779,1.79,1261109,1.0
513500,2024-03-21,1.801,1.84,1.8,1.826,2423573,1.0
513500,2024-03-22,1.827,1.852,1.819,1.837,2359895,1.0
513500,2024-03-25,1.838,1.846,1.816,1.825,2226642,1.0
513500,2024-03-26,1.826,1.833,1.821,1.832,1045619,1.0
513500,2024-03-27,1.827,1.848,1.825,1.844,1283638,1.0
513500,2024-03-28,1.851,1.877,1.848,1.868,3028368,1.0
513500,2024-03-29,1.868,1.899,1.852,1.856,3633389,1.0
513500,2024-04-01,1.863,1.886,1.845,1.849,1996979,1.0
513500,2024-04-02,1.844,1.848,1.831,1.842,2725711,1.0
513500,2024-04-03,1.83,1.831,1.797,1.802,3380552,1.0
513500,2024-04-08,1.807,1.811,1.791,1.807,2210781,1.0
513500,2024-04-09,1.806,1.819,1.795,1.813,2603800,1.0
513500,2024-04-10,1.815,1.818,1.8,1.81,1042371,1.0
513500,2024-04-11,1.79,1.793,1.783,1.788,1672230,1.0
513500,2024-04-12,1.801,1.807,1.799,1.802,1279002,1.0
513500,2024-04-15,1.776,1.785,1.771,1.783,1198736,1.0
513500,2024-04-16,1.76,1.76,1.74,1.741,2160224,1.0
513500,2024-04-17,1.742,1.747,1.733,1.734,1254792,1.0
513500,2024-04-18,1.725,1.732,1.723,1.73,1443337,1.0
513500,2024-04-19,1.71,1.71,1.693,1.709,2029285,1.0
513500,2024-04-22,1.702,1.716,1.701,1.716,1694642,1.0
513500,2024-04-23,1.722,1.731,1.719,1.728,1779765,1.0
513500,2024-04-24,1.75,1.768,1.75,1.766,1869810,1.0
513500,2024-04-25,1.749,1.753,1.737,1.739,1279030,1.0
513500,2024-04-26,1.754,1.758,1.745,1.746,1290618,1.0
513500,2024-04-29,1.758,1.76,1.75,1.754,1007109,1.0
513500,2024-04-30,1.755,1.76,1.753,1.758,823675,1.0
513500,2024-05-06,1.758,1.76,1.753,1.759,920988,1.0
513500,2024-05-07,1.772,1.781,1.771,1.777,1147035,1.0
513500,2024-05-08,1.779,1.785,1.775,1.784,1091684,1.0
513500,2024-05-09,1.786,1.789,1.779,1.779,1466310,1.0
513500,2024-05-10,1.789,1.8,1.788,1.799,878813,1.0
513500,2024-05-13,1.801,1.81,1.799,1.807,788139,1.0
513500,2024-05-14,1.801,1.809,1.797,1.807,991864,1.0
513500,2024-05-15,1.817,1.827,1.816,1.826,1092086,1.0
513500,2024-05-16,1.849,1.858,1.845,1.85,1233365,1.0
513500,2024-05-17,1.844,1.846,1.84,1.844,942090,1.0
513500,2024-05-20,1.844,1.85,1.829,1.834,1863960,1.0
513500,2024-05-21,1.836,1.84,1.832,1.835,1113187,1.0
513500,2024-05-22,1.84,1.845,1.837,1.844,897985,1.0
513500,2024-05-23,1.843,1.853,1.841,1.849,1331571,1.0
513500,2024-05-24,1.829,1.829,1.818,1.818,1587953,1.0
513500,2024-05-27,1.829,1.836,1.828,1.834,654352,1.0
513500,2024-05-28,1.836,1.841,1.834,1.838,572041,1.0
513500,2024-05-29,1.835,1.835,1.827,1.829,509011,1.0
513500,2024-05-30,1.807,1.817,1.805,1.806,930375,1.0
513500,2024-05-31,1.793,1.808,1.793,1.807,823001,1.0
513500,2024-06-03,1.826,1.836,1.825,1.835,875753,1.0
513500,2024-06-04,1.835,1.838,1.827,1.838,775006,1.0
513500,2024-06-05,1.841,1.848,1.84,1.847,590447,1.0
513500,2024-06-06,1.874,1.88,1.871,1.873,984800,1.0
513500,2024-06-07,1.87,1.883,1.87,1.882,678200,1.0
513500,2024-06-11,1.884,1.897,1.884,1.889,989433,1.0
513500,2024-06-12,1.896,1.898,1.89,1.892,1141583,1.0
513500,2024-06-13,1.908,1.913,1.906,1.909,818673,1.0
513500,2024-06-14,1.907,1.909,1.9,1.903,1048154,1.0
513500,2024-06-17,1.903,1.907,1.883,1.893,1632288,1.0
513500,2024-06-18,1.906,1.909,1.899,1.902,1149279,1.0
513500,2024-06-19,1.904,1.907,1.902,1.904,634292,1.0
513500,2024-06-20,1.905,1.922,1.905,1.921,759909,1.0
513500,2024-06-21,1.907,1.916,1.9,1.914,1133320,1.0
513500,2024-06-24,1.912,1.913,1.904,1.91,621390,1.0
513500,2024-06-25,1.901,1.91,1.898,1.907,992034,1.0
513500,2024-06-26,1.92,1.935,1.914,1.933,941852,1.0
513500,2024-06-27,1.933,1.95,1.927,1.948,1468851,1.0
513500,2024-06-28,1.955,1.985,1.955,1.971,2087549,1.0
513500,2024-07-01,1.965,1.978,1.958,1.967,1245455,1.0
513500,2024-07-02,1.975,1.987,1.969,1.971,1405085,1.0
513500,2024-07-03,1.99,2.0,1.989,1.999,1121194,1.0
513500,2024-07-04,2.018,2.035,1.968,1.977,2556542,1.0
513500,2024-07-05,1.974,1.996,1.973,1.993,1339065,1.0
513500,2024-07-08,2.004,2.008,1.989,1.999,1127275,1.0
513500,2024-07-09,2.001,2.002,1.993,1.996,1207070,1.0
513500,2024-07-10,1.995,1.996,1.97,1.985,1315036,1.0
513500,2024-07-11,1.999,2.004,1.996,2.004,988551,1.0
513500,2024-07-12,1.984,1.984,1.945,1.974,1707796,1.0
513500,2024-07-15,1.983,2.025,1.983,2.024,1978925,1.0
513500,2024-07-16,2.029,2.045,2.015,2.028,1253185,1.0
513500,2024-07-17,2.039,2.067,2.038,2.053,1799228,1.0
513500,2024-07-18,2.002,2.032,1.984,2.027,1748145,1.0
513500,2024-07-19,2.01,2.014,1.977,1.979,1583370,1.0
513500,2024-07-22,1.955,1.965,1.95,1.956,1377124,1.0
513500,2024-07-23,1.979,1.992,1.978,1.983,1081700,1.0
513500,2024-07-24,1.975,1.98,1.966,1.968,776452,1.0
513500,2024-07-25,1.912,1.918,1.9,1.911,1311021,1.0
513500,2024-07-26,1.901,1.929,1.901,1.927,929012,1.0
513500,2024-07-29,1.948,1.973,1.948,1.972,1068190,1.0
513500,2024-07-30,1.963,1.97,1.947,1.962,944175,1.0
513500,2024-07-31,1.959,1.962,1.94,1.948,2268018,1.0
513500,2024-08-01,1.979,1.98,1.967,1.972,1343518,1.0
513500,2024-08-02,1.928,1.943,1.908,1.912,1486308,1.0
513500,2024-08-05,1.84,1.84,1.773,1.785,3336797,1.0
513500,2024-08-06,1.813,1.826,1.799,1.804,2723550,1.0
513500,2024-08-07,1.807,1.826,1.803,1.811,1790875,1.0
513500,2024-08-08,1.793,1.802,1.782,1.799,1068806,1.0
513500,2024-08-09,1.836,1.847,1.83,1.835,1285068,1.0
513500,2024-08-12,1.842,1.861,1.841,1.86,1351843,1.0
513500,2024-08-13,1.862,1.891,1.861,1.887,1171965,1.0
513500,2024-08-14,1.914,1.925,1.91,1.922,1271305,1.0
513500,2024-08-15,1.936,1.957,1.93,1.948,1198460,1.0
513500,2024-08-16,1.994,1.996,1.962,1.975,1957543,1.0
513500,2024-08-19,1.978,1.978,1.941,1.942,1397669,1.0
513500,2024-08-20,1.968,1.974,1.962,1.966,842582,1.0
513500,2024-08-21,1.957,1.969,1.948,1.967,689837,1.0
513500,2024-08-22,1.978,1.993,1.963,1.971,1484566,1.0
513500,2024-08-23,1.95,1.965,1.948,1.964,894428,1.0
513500,2024-08-26,1.988,1.993,1.97,1.978,851835,1.0
513500,2024-08-27,1.971,1.98,1.962,1.978,661214,1.0
513500,2024-08-28,1.982,2.008,1.975,1.997,2227796,1.0
513500,2024-08-29,1.971,1.981,1.961,1.974,1381173,1.0
513500,2024-08-30,1.977,1.983,1.972,1.978,765073,1.0
513500,2024-09-02,1.99,2.004,1.99,1.999,1087549,1.0
513500,2024-09-03,2.001,2.011,1.992,1.998,1059450,1.0
513500,2024-09-04,1.925,1.943,1.917,1.919,1798985,1.0
513500,2024-09-05,1.933,1.94,1.923,1.929,825363,1.0
513500,2024-09-06,1.92,1.925,1.912,1.919,885553,1.0
513500,2024-09-09,1.894,1.906,1.884,1.905,1459737,1.0
513500,2024-09-10,1.92,1.927,1.894,1.895,1678850,1.0
513500,2024-09-11,1.908,1.91,1.893,1.899,790319,1.0
513500,2024-09-12,1.927,1.937,1.923,1.931,1318809,1.0
513500,2024-09-13,1.944,1.95,1.939,1.941,1310968,1.0
513500,2024-09-18,1.95,1.954,1.935,1.939,918491,1.0
513500,2024-09-19,1.944,1.967,1.942,1.965,1012686,1.0
513500,2024-09-20,1.986,1.989,1.967,1.97,1256530,1.0
513500,2024-09-23,1.974,1.979,1.969,1.974,671941,1.0
513500,2024-09-24,1.977,1.978,1.95,1.96,1208342,1.0
513500,2024-09-25,1.951,1.954,1.938,1.945,1239282,1.0
513500,2024-09-26,1.949,1.955,1.938,1.948,1650332,1.0
513500,2024-09-27,1.92,1.934,1.916,1.919,985058,1.0
513500,2024-09-30,1.893,1.917,1.881,1.908,4295250,1.0
513500,2024-10-08,1.886,1.914,1.879,1.893,3528083,1.0
513500,2024-10-09,1.914,1.929,1.91,1.925,2960690,1.0
513500,2024-10-10,1.943,1.961,1.943,1.956,2530206,1.0
513500,2024-10-11,1.955,1.97,1.951,1.967,1730693,1.0
513500,2024-10-14,1.984,1.992,1.971,1.988,2086676,1.0
513500,2024-10-15,2.005,2.048,2.005,2.047,3144859,1.0
513500,2024-10-16,2.025,2.034,2.005,2.024,2328863,1.0
513500,2024-10-17,2.03,2.048,2.03,2.045,2033645,1.0
513500,2024-10-18,2.036,2.041,2.015,2.027,3077818,1.0
513500,2024-10-21,2.027,2.036,2.015,2.018,2048371,1.0
513500,2024-10-22,2.015,2.015,2.005,2.006,1531023,1.0
513500,2024-10-23,2.006,2.011,1.998,1.999,1162317,1.0
513500,2024-10-24,1.986,1.992,1.982,1.991,1646827,1.0
513500,2024-10-25,1.992,1.998,1.99,1.991,1019866,1.0
513500,2024-10-28,2.0,2.016,1.998,2.012,2281468,1.0
513500,2024-10-29,2.005,2.009,2.0,2.005,1346076,1.0
513500,2024-10-30,2.016,2.023,2.012,2.02,1395275,1.0
513500,2024-10-31,2.008,2.008,1.995,1.996,1048136,1.0
513500,2024-11-01,1.965,1.977,1.957,1.971,1676201,1.0
513500,2024-11-04,1.966,1.972,1.961,1.963,1533905,1.0
513500,2024-11-05,1.96,1.962,1.953,1.961,1124936,1.0
513500,2024-11-06,1.996,2.03,1.988,2.029,3330988,1.0
513500,2024-11-07,2.065,2.079,2.038,2.045,3815080,1.0
513500,2024-11-08,2.047,2.063,2.047,2.063,2309079,1.0
513500,2024-11-11,2.065,2.091,2.065,2.089,1935112,1.0
513500,2024-11-12,2.092,2.126,2.092,2.113,2807170,1.0
513500,2024-11-13,2.109,2.109,2.09,2.095,1987802,1.0
513500,2024-11-14,2.097,2.131,2.097,2.122,3260906,1.0
513500,2024-11-15,2.104,2.105,2.083,2.088,2328753,1.0
513500,2024-11-18,2.067,2.107,2.067,2.102,2789812,1.0
513500,2024-11-19,2.102,2.121,2.098,2.106,2558811,1.0
513500,2024-11-20,2.122,2.123,2.108,2.112,1737842,1.0
513500,2024-11-21,2.105,2.109,2.096,2.107,1156296,1.0
513500,2024-11-22,2.121,2.134,2.115,2.128,2244054,1.0
513500,2024-11-25,2.141,2.178,2.141,2.177,3434824,1.0
513500,2024-11-26,2.181,2.187,2.143,2.181,3995963,1.0
513500,2024-11-27,2.197,2.236,2.174,2.18,5099924,1.0
513500,2024-11-28,2.173,2.19,2.16,2.178,2601024,1.0
513500,2024-11-29,2.182,2.188,2.17,2.182,2147402,1.0
513500,2024-12-02,2.199,2.202,2.184,2.199,2388134,1.0
513500,2024-12-03,2.21,2.222,2.207,2.217,1921348,1.0
513500,2024-12-04,2.22,2.221,2.208,2.217,1570989,1.0
513500,2024-12-05,2.23,2.235,2.225,2.233,1565477,1.0
513500,2024-12-06,2.228,2.231,2.21,2.228,1458954,1.0
513500,2024-12-09,2.233,2.233,2.225,2.227,1365980,1.0
513500,2024-12-10,2.182,2.21,2.182,2.207,2246211,1.0
513500,2024-12-11,2.2,2.229,2.199,2.227,2116906,1.0
513500,2024-12-12,2.248,2.25,2.226,2.232,2115516,1.0
513500,2024-12-13,2.226,2.246,2.223,2.244,1507003,1.0
513500,2024-12-16,2.244,2.285,2.241,2.274,3267669,1.0
513500,2024-12-17,2.501,2.501,2.047,2.254,4655671,1.0
513500,2024-12-18,2.248,2.248,2.22,2.229,2469285,1.0
513500,2024-12-19,2.149,2.195,2.149,2.157,3024560,1.0
513500,2024-12-20,2.155,2.174,2.12,2.144,2840519,1.0
513500,2024-12-23,2.176,2.2,2.176,2.194,2725916,1.0
513500,2024-12-24,2.213,2.217,2.181,2.186,1996193,1.0
513500,2024-12-25,2.198,2.205,2.191,2.197,1035301,1.0
513500,2024-12-26,2.199,2.2,2.185,2.2,930463,1.0
513500,2024-12-27,2.197,2.199,2.19,2.191,824590,1.0
513500,2024-12-30,2.17,2.172,2.161,2.165,1165096,1.0
513500,2024-12-31,2.151,2.178,2.143,2.162,1603420,1.0
513500,2025-01-02,2.163,2.185,2.16,2.183,1579559,1.0
513500,2025-01-03,2.181,2.186,2.167,2.17,1141237,1.0
513500,2025-01-06,2.188,2.213,2.188,2.211,1848995,1.0
513500,2025-01-07,2.22,2.238,2.18,2.193,3000409,1.0
513500,2025-01-08,2.172,2.197,2.17,2.19,1411851,1.0
513500,2025-01-09,2.193,2.2,2.184,2.186,955483,1.0
513500,2025-01-10,2.181,2.198,2.172,2.173,1352753,1.0
513500,2025-01-13,2.152,2.16,2.135,2.139,1128826,1.0
513500,2025-01-14,2.152,2.164,2.146,2.162,1149908,1.0
513500,2025-01-15,2.161,2.167,2.152,2.158,749169,1.0
513500,2025-01-16,2.198,2.2,2.187,2.193,1182130,1.0
513500,2025-01-17,2.189,2.192,2.177,2.191,656203,1.0
513500,2025-01-20,2.202,2.207,2.197,2.201,960154,1.0
513500,2025-01-21,2.202,2.203,2.193,2.2,662009,1.0
513500,2025-01-22,2.212,2.22,2.209,2.218,927383,1.0
513500,2025-01-23,2.225,2.228,2.204,2.205,1259120,1.0
513500,2025-01-24,2.214,2.22,2.212,2.214,995621,1.0
513500,2025-01-27,2.2,2.2,2.165,2.196,2484108,1.0
513500,2025-02-05,2.191,2.195,2.178,2.192,894929,1.0
513500,2025-02-06,2.2,2.203,2.195,2.198,712735,1.0
513500,2025-02-07,2.198,2.201,2.187,2.192,934739,1.0
513500,2025-02-10,2.18,2.188,2.17,2.187,1013117,1.0
513500,2025-02-11,2.187,2.192,2.18,2.183,663169,1.0
513500,2025-02-12,2.183,2.185,2.17,2.175,584026,1.0
513500,2025-02-13,2.179,2.179,2.165,2.172,756592,1.0
513500,2025-02-14,2.18,2.184,2.171,2.173,912017,1.0
513500,2025-02-17,2.172,2.172,2.16,2.17,757005,1.0
513500,2025-02-18,2.17,2.189,2.167,2.185,693093,1.0
513500,2025-02-19,2.185,2.185,2.175,2.176,597854,1.0
513500,2025-02-20,2.18,2.181,2.173,2.174,464705,1.0
513500,2025-02-21,2.168,2.168,2.15,2.154,1217864,1.0
513500,2025-02-24,2.118,2.138,2.112,2.125,1481295,1.0
513500,2025-02-25,2.11,2.116,2.092,2.094,1422639,1.0
513500,2025-02-26,2.092,2.092,2.077,2.091,1666490,1.0
513500,2025-02-27,2.089,2.089,2.079,2.084,1367344,1.0
513500,2025-02-28,2.05,2.051,2.028,2.032,3038343,1.0
513500,2025-03-03,2.052,2.071,2.052,2.07,2279092,1.0
513500,2025-03-04,2.034,2.034,2.028,2.031,1637668,1.0
513500,2025-03-05,2.015,2.027,2.011,2.024,2151237,1.0
513500,2025-03-06,2.031,2.034,2.022,2.025,1229199,1.0
513500,2025-03-07,2.0,2.006,1.998,2.001,1436892,1.0
513500,2025-03-10,1.998,2.004,1.995,1.999,868611,1.0
513500,2025-03-11,1.937,1.949,1.931,1.949,2298535,1.0
513500,2025-03-12,1.938,1.941,1.93,1.938,1650503,1.0
513500,2025-03-13,1.944,1.947,1.927,1.932,1300855,1.0
513500,2025-03-14,1.92,1.931,1.917,1.93,1954379,1.0
513500,2025-03-17,1.94,1.943,1.928,1.929,1647829,1.0
513500,2025-03-18,1.938,1.949,1.938,1.948,2093329,1.0
513500,2025-03-19,1.935,1.935,1.928,1.933,814493,1.0
513500,2025-03-20,1.955,1.983,1.951,1.981,3178334,1.0
513500,2025-03-21,1.979,1.979,1.962,1.973,2256099,1.0
513500,2025-03-24,1.984,1.999,1.983,1.999,2507265,1.0
513500,2025-03-25,2.025,2.026,2.01,2.017,2451371,1.0
513500,2025-03-26,2.028,2.028,2.008,2.011,1746173,1.0
513500,2025-03-27,1.98,1.986,1.98,1.983,1622048,1.0
513500,2025-03-28,1.974,1.976,1.962,1.963,1564705,1.0
513500,2025-03-31,1.91,1.92,1.906,1.907,2001722,1.0
513500,2025-04-01,1.917,1.939,1.917,1.937,2248768,1.0
513500,2025-04-02,1.94,1.942,1.936,1.937,1966888,1.0
513500,2025-04-03,1.903,1.912,1.895,1.897,3416121,1.0
513500,2025-04-07,1.707,1.725,1.707,1.707,5655432,1.0
513500,2025-04-08,1.737,1.793,1.737,1.776,5082647,1.0
513500,2025-04-09,1.707,1.729,1.695,1.722,7420048,1.0
513500,2025-04-10,1.881,1.888,1.831,1.886,6701700,1.0
513500,2025-04-11,1.807,1.849,1.802,1.841,6209563,1.0
513500,2025-04-14,1.864,1.875,1.857,1.872,2963731,1.0
513500,2025-04-15,1.868,1.869,1.863,1.865,1515088,1.0
513500,2025-04-16,1.854,1.854,1.835,1.842,2154094,1.0
513500,2025-04-17,1.831,1.84,1.826,1.835,2632814,1.0
513500,2025-04-18,1.826,1.832,1.823,1.829,928764,1.0
513500,2025-04-21,1.811,1.815,1.804,1.806,1841734,1.0
513500,2025-04-22,1.792,1.804,1.787,1.803,2202368,1.0
513500,2025-04-23,1.846,1.858,1.842,1.855,5282818,1.0
513500,2025-04-24,1.855,1.859,1.846,1.846,3137396,1.0
513500,2025-04-25,1.891,1.898,1.889,1.895,3776175,1.0
513500,2025-04-28,1.892,1.902,1.889,1.901,2329212,1.0
513500,2025-04-29,1.903,1.907,1.895,1.897,2139831,1.0
513500,2025-04-30,1.903,1.903,1.897,1.9,1698314,1.0
513500,2025-05-06,1.922,1.927,1.915,1.918,1988920,1.0
513500,2025-05-07,1.92,1.925,1.919,1.922,1310773,1.0
513500,2025-05-08,1.931,1.942,1.93,1.94,2398358,1.0
513500,2025-05-09,1.94,1.944,1.937,1.942,1534709,1.0
513500,2025-05-12,1.964,1.966,1.957,1.963,2372225,1.0
513500,2025-05-13,1.987,1.987,1.977,1.977,2743638,1.0
513500,2025-05-14,1.998,2.013,1.998,2.013,2628048,1.0
513500,2025-05-15,2.007,2.007,1.998,1.999,1748776,1.0
513500,2025-05-16,2.007,2.014,2.007,2.012,1262025,1.0
513500,2025-05-19,2.009,2.015,2.006,2.006,2086891,1.0
513500,2025-05-20,2.026,2.032,2.024,2.025,1626987,1.0
513500,2025-05-21,2.019,2.021,2.009,2.01,1497482,1.0
513500,2025-05-22,1.989,1.994,1.985,1.989,2545229,1.0
513500,2025-05-23,1.987,1.993,1.983,1.986,1561138,1.0
513500,2025-05-26,1.985,1.992,1.983,1.991,1193597,1.0
513500,2025-05-27,1.99,1.997,1.987,1.997,1011548,1.0
513500,2025-05-28,2.015,2.017,2.011,2.012,1574523,1.0
513500,2025-05-29,2.032,2.036,2.031,2.032,2589658,1.0
513500,2025-05-30,2.001,2.009,1.999,2.004,2605744,1.0
513500,2025-06-03,2.013,2.016,2.009,2.01,1371410,1.0
513500,2025-06-04,2.026,2.03,2.023,2.029,1210579,1.0
513500,2025-06-05,2.025,2.027,2.023,2.025,1524792,1.0
513500,2025-06-06,2.018,2.025,2.016,2.024,850335,1.0
513500,2025-06-09,2.032,2.036,2.031,2.035,963823,1.0
513500,2025-06-10,2.042,2.047,2.033,2.036,1493926,1.0
513500,2025-06-11,2.044,2.046,2.042,2.046,1041704,1.0
513500,2025-06-12,2.04,2.042,2.036,2.04,1100902,1.0
513500,2025-06-13,2.02,2.025,2.011,2.023,2221110,1.0
513500,2025-06-16,2.029,2.038,2.028,2.038,1144822,1.0
513500,2025-06-17,2.039,2.043,2.036,2.038,1200707,1.0
513500,2025-06-18,2.033,2.039,2.032,2.035,1089067,1.0
513500,2025-06-19,2.028,2.03,2.022,2.025,1583901,1.0
513500,2025-06-20,2.023,2.03,2.019,2.027,956389,1.0
513500,2025-06-23,2.015,2.027,2.014,2.025,906971,1.0
513500,2025-06-24,2.051,2.062,2.048,2.061,2045860,1.0
513500,2025-06-25,2.062,2.066,2.059,2.065,1719257,1.0
513500,2025-06-26,2.063,2.072,2.061,2.071,1542598,1.0
513500,2025-06-27,2.08,2.093,2.08,2.091,2724125,1.0
513500,2025-06-30,2.102,2.104,2.096,2.102,1622426,1.0
513500,2025-07-01,2.102,2.104,2.095,2.096,1275137,1.0
513500,2025-07-02,2.098,2.111,2.098,2.11,1391608,1.0
513500,2025-07-03,2.114,2.115,2.109,2.114,1254423,1.0
513500,2025-07-04,2.125,2.132,2.122,2.125,2325591,1.0
513500,2025-07-07,2.121,2.127,2.118,2.121,1579035,1.0
513500,2025-07-08,2.114,2.121,2.112,2.121,1542763,1.0
513500,2025-07-09,2.118,2.118,2.112,2.113,1277141,1.0
513500,2025-07-10,2.119,2.128,2.119,2.121,1892997,1.0
513500,2025-07-11,2.124,2.126,2.122,2.124,1390238,1.0
513500,2025-07-14,2.115,2.116,2.107,2.107,2687672,1.0
513500,2025-07-15,2.118,2.131,2.117,2.131,1781706,1.0
513500,2025-07-16,2.117,2.119,2.114,2.115,1539316,1.0
513500,2025-07-17,2.123,2.135,2.123,2.131,2251254,1.0
513500,2025-07-18,2.141,2.146,2.141,2.143,1031171,1.0
513500,2025-07-21,2.142,2.142,2.137,2.14,1491100,1.0
513500,2025-07-22,2.138,2.141,2.135,2.136,1336900,1.0
513500,2025-07-23,2.137,2.144,2.137,2.144,1257314,1.0
513500,2025-07-24,2.155,2.156,2.152,2.153,1308246,1.0
513500,2025-07-25,2.157,2.167,2.156,2.164,1355980,1.0
513500,2025-07-28,2.176,2.187,2.176,2.185,1825007,1.0
513500,2025-07-29,2.183,2.185,2.173,2.184,1609620,1.0
513500,2025-07-30,2.175,2.181,2.174,2.18,974192,1.0
513500,2025-07-31,2.196,2.203,2.188,2.202,1444080,1.0
513500,2025-08-01,2.17,2.183,2.169,2.172,1791382,1.0
513500,2025-08-04,2.148,2.158,2.137,2.148,2940038,1.0
513500,2025-08-05,2.171,2.187,2.171,2.187,1743225,1.0
513500,2025-08-06,2.167,2.175,2.166,2.174,1897912,1.0
513500,2025-08-07,2.185,2.19,2.173,2.174,1354707,1.0
513500,2025-08-08,2.176,2.181,2.169,2.174,988571,1.0
513500,2025-08-11,2.185,2.194,2.185,2.192,1470859,1.0
513500,2025-08-12,2.188,2.191,2.183,2.187,1011301,1.0
513500,2025-08-13,2.202,2.207,2.202,2.204,830206,1.0
513500,2025-08-14,2.207,2.209,2.201,2.203,913248,1.0
513500,2025-08-15,2.208,2.218,2.205,2.217,923013,1.0
513500,2025-08-18,2.209,2.211,2.201,2.203,1457107,1.0
513500,2025-08-19,2.202,2.203,2.192,2.197,1035037,1.0
513500,2025-08-20,2.182,2.194,2.178,2.185,2200807,1.0
513500,2025-08-21,2.177,2.194,2.177,2.183,1907261,1.0
513500,2025-08-22,2.179,2.18,2.169,2.17,1850136,1.0
513500,2025-08-25,2.197,2.203,2.194,2.2,3091222,1.0
513500,2025-08-26,2.19,2.193,2.188,2.191,836753,1.0
513500,2025-08-27,2.2,2.207,2.198,2.206,1081363,1.0
513500,2025-08-28,2.201,2.203,2.192,2.194,1538029,1.0
513500,2025-08-29,2.196,2.201,2.194,2.195,912789,1.0
513500,2025-09-01,2.193,2.193,2.18,2.185,1191555,1.0
513500,2025-09-02,2.185,2.188,2.182,2.187,799735,1.0
513500,2025-09-03,2.177,2.18,2.173,2.177,1060301,1.0
513500,2025-09-04,2.187,2.192,2.185,2.189,869275,1.0
513500,2025-09-05,2.21,2.219,2.203,2.204,1296751,1.0
513500,2025-09-08,2.195,2.197,2.191,2.195,951844,1.0
513500,2025-09-09,2.197,2.2,2.194,2.198,1351638,1.0
513500,2025-09-10,2.202,2.208,2.202,2.207,1016544,1.0
513500,2025-09-11,2.21,2.211,2.206,2.21,1063295,1.0
513500,2025-09-12,2.221,2.224,2.22,2.222,1133535,1.0
513500,2025-09-15,2.223,2.23,2.222,2.229,999886,1.0
513500,2025-09-16,2.234,2.239,2.233,2.238,1234160,1.0
513500,2025-09-17,2.235,2.235,2.227,2.23,922670,1.0
513500,2025-09-18,2.231,2.243,2.231,2.241,1405032,1.0
513500,2025-09-19,2.249,2.254,2.244,2.252,1847227,1.0
513500,2025-09-22,2.258,2.271,2.258,2.269,1818886,1.0
513500,2025-09-23,2.283,2.291,2.282,2.288,1364793,1.0
513500,2025-09-24,2.275,2.28,2.267,2.28,1385152,1.0
513500,2025-09-25,2.277,2.278,2.267,2.27,1043312,1.0
513500,2025-09-26,2.264,2.266,2.256,2.265,956785,1.0
513500,2025-09-29,2.275,2.282,2.275,2.281,1117310,1.0
513500,2025-09-30,2.286,2.287,2.28,2.284,1351413,1.0
513500,2025-10-09,2.304,2.33,2.304,2.322,2187955,1.0
513500,2025-10-10,2.321,2.333,2.318,2.329,1567534,1.0
513500,2025-10-13,2.284,2.318,2.275,2.294,5482610,1.0
513500,2025-10-14,2.306,2.32,2.254,2.263,3404703,1.0
513500,2025-10-15,2.278,2.29,2.273,2.289,1381869,1.0
513500,2025-10-16,2.289,2.289,2.275,2.285,2726402,1.0
513500,2025-10-17,2.269,2.28,2.261,2.263,2266907,1.0
513500,2025-10-20,2.293,2.323,2.285,2.321,2509999,1.0
513500,2025-10-21,2.342,2.349,2.313,2.326,2737634,1.0
513500,2025-10-22,2.325,2.351,2.32,2.348,1775666,1.0
513500,2025-10-23,2.348,2.359,2.333,2.352,1974016,1.0
513500,2025-10-24,2.367,2.371,2.352,2.36,2050907,1.0
513500,2025-10-27,2.383,2.418,2.381,2.415,2546133,1.0
513500,2025-10-28,2.433,2.457,2.412,2.421,2146901,1.0
513500,2025-10-29,2.435,2.469,2.43,2.468,2075648,1.0
513500,2025-10-30,2.469,2.504,2.449,2.473,3503014,1.0
513500,2025-10-31,2.47,2.479,2.439,2.454,2090276,1.0
513500,2025-11-03,2.454,2.49,2.454,2.479,2281028,1.0
513500,2025-11-04,2.479,2.479,2.407,2.415,2340533,1.0
513500,2025-11-05,2.376,2.389,2.336,2.388,2664473,1.0
513500,2025-11-06,2.4,2.412,2.385,2.389,2455362,1.0
513500,2025-11-07,2.365,2.399,2.36,2.384,1949888,1.0
513500,2025-11-10,2.405,2.436,2.403,2.424,2032831,1.0
513500,2025-11-11,2.451,2.457,2.413,2.43,1895394,1.0
513500,2025-11-12,2.434,2.464,2.434,2.463,2040668,1.0
513500,2025-11-13,2.468,2.49,2.466,2.488,1791791,1.0
513500,2025-11-14,2.447,2.466,2.441,2.448,2013309,1.0
513500,2025-11-17,2.46,2.488,2.449,2.454,2102620,1.0
513500,2025-11-18,2.44,2.44,2.39,2.399,1953771,1.0
513500,2025-11-19,2.388,2.405,2.317,2.359,4080812,1.0
513500,2025-11-20,2.399,2.417,2.396,2.413,1933380,1.0
513500,2025-11-21,2.366,2.37,2.334,2.355,2843167,1.0
513500,2025-11-24,2.382,2.396,2.359,2.39,2575878,1.0
513500,2025-11-25,2.435,2.435,2.395,2.404,2150813,1.0
513500,2025-11-26,2.424,2.449,2.42,2.447,2240962,1.0
513500,2025-11-27,2.46,2.47,2.43,2.433,1330255,1.0
513500,2025-11-28,2.441,2.467,2.438,2.463,1759636,1.0
513500,2025-12-01,2.462,2.475,2.443,2.46,2340864,1.0
513500,2025-12-02,2.459,2.468,2.454,2.46,1225923,1.0
513500,2025-12-03,2.468,2.48,2.466,2.469,1877449,1.0
513500,2025-12-04,2.474,2.476,2.456,2.461,1767662,1.0
513500,2025-12-05,2.464,2.466,2.445,2.451,2605216,1.0
513500,2025-12-08,2.451,2.452,2.439,2.444,1432267,1.0
513500,2025-12-09,2.44,2.44,2.416,2.42,1172529,1.0
513500,2025-12-10,2.42,2.447,2.42,2.443,1613500,1.0
513500,2025-12-11,2.449,2.46,2.429,2.432,1538183,1.0
513500,2025-12-12,2.45,2.461,2.441,2.453,1471310,1.0
513500,2025-12-15,2.437,2.448,2.429,2.447,1353797,1.0
513500,2025-12-16,2.429,2.438,2.411,2.42,1233409,1.0
513500,2025-12-17,2.421,2.442,2.42,2.435,1341278,1.0
513500,2025-12-18,2.412,2.428,2.41,2.426,1162286,1.0
513500,2025-12-19,2.439,2.456,2.439,2.451,1515402,1.0
513500,2025-12-22,2.47,2.471,2.455,2.456,1914873,1.0
513500,2025-12-23,2.463,2.465,2.444,2.447,1329278,1.0
513500,2025-12-24,2.456,2.459,2.448,2.455,1117995,1.0
513500,2025-12-25,2.456,2.464,2.455,2.458,1114147,1.0
513500,2025-12-26,2.461,2.464,2.453,2.461,817915,1.0
513500,2025-12-29,2.461,2.465,2.44,2.447,1139450,1.0
513500,2025-12-30,2.444,2.451,2.426,2.439,1064966,1.0
513500,2025-12-31,2.436,2.437,2.426,2.432,655886,1.0
513500,2026-01-05,2.437,2.469,2.435,2.468,1332765,1.0
513500,2026-01-06,2.47,2.472,2.455,2.467,1096968,1.0
513500,2026-01-07,2.47,2.477,2.462,2.465,1003027,1.0
513500,2026-01-08,2.465,2.465,2.455,2.458,608726,1.0
513500,2026-01-09,2.458,2.46,2.451,2.46,724801,1.0
