symbol,start_date,end_date
159605,2024-02-19,2026-01-09
159790,2024-01-16,2025-12-16
159864,2024-01-16,2025-12-16
159915,2024-02-19,2026-01-09
159922,2024-01-15,2025-12-12
159928,2024-02-19,2026-01-09
510050,2024-02-19,2026-01-09
510300,2024-02-19,2026-01-09
510500,2024-02-19,2026-01-09
510580,2024-02-19,2026-01-09
510880,2024-02-19,2026-01-09
512040,2024-02-19,2026-01-09
512100,2024-01-15,2025-12-12
512170,2024-02-19,2026-01-09
512290,2024-02-19,2026-01-09
512480,2024-01-16,2025-12-16
512660,2024-02-19,2026-01-09
512680,2024-02-19,2026-01-09
512800,2024-02-19,2026-01-09
513010,2024-01-16,2025-12-16
513100,2024-02-19,2026-01-09
513500,2024-02-19,2026-01-09
513520,2024-02-19,2026-01-09
515000,2019-08-16,2025-12-12
515030,2024-02-19,2026-01-09
515050,2019-10-16,2025-12-12
515110,2024-02-19,2026-01-09
515220,2024-02-19,2026-01-09
516010,2021-03-05,2025-12-12
516160,2024-02-19,2026-01-09
516960,2024-01-16,2025-12-16
588000,2020-11-16,2025-12-12
588080,2020-11-16,2025-12-12
